<?xml version="1.0" encoding="UTF-8"?><soundboard name="Thomas">
    <sounds>
        <sound id="1" name="dammit" type="FILE" pathOrUrl="content://me.maagk.johannes.customsoundboard.me.maagk.johannes.customsoundboard.provider/files/Thomas/recorded/12_03_2020_09_50_54.mp3" startTime="0" stopTime="0" thumbnailPath="" colorCode="" loopCount="0" position="0" fadeIn="false" fadeOut="false" fadeInOnPlay="false" fadeOutOnPause="false" fadeOutOnStop="false" fadeInTime="0" fadeOutTime="0"/>
        <sound id="2" name="STFU nick" type="FILE" pathOrUrl="content://me.maagk.johannes.customsoundboard.me.maagk.johannes.customsoundboard.provider/files/Thomas/recorded/12_03_2020_09_51_19.mp3" startTime="0" stopTime="0" thumbnailPath="" colorCode="" loopCount="0" position="1" fadeIn="false" fadeOut="false" fadeInOnPlay="false" fadeOutOnPause="false" fadeOutOnStop="false" fadeInTime="0" fadeOutTime="0"/>
        <sound id="3" name="camel man" type="FILE" pathOrUrl="content://me.maagk.johannes.customsoundboard.me.maagk.johannes.customsoundboard.provider/files/Thomas/recorded/12_03_2020_09_51_55.mp3" startTime="0" stopTime="0" thumbnailPath="" colorCode="" loopCount="0" position="2" fadeIn="false" fadeOut="false" fadeInOnPlay="false" fadeOutOnPause="false" fadeOutOnStop="false" fadeInTime="0" fadeOutTime="0"/>
        <sound id="4" name="wth is this pos" type="FILE" pathOrUrl="content://me.maagk.johannes.customsoundboard.me.maagk.johannes.customsoundboard.provider/files/Thomas/recorded/12_03_2020_09_52_17.mp3" startTime="0" stopTime="0" thumbnailPath="" colorCode="" loopCount="0" position="3" fadeIn="false" fadeOut="false" fadeInOnPlay="false" fadeOutOnPause="false" fadeOutOnStop="false" fadeInTime="0" fadeOutTime="0"/>
        <sound id="5" name="no balls you wont" type="FILE" pathOrUrl="content://me.maagk.johannes.customsoundboard.me.maagk.johannes.customsoundboard.provider/files/Thomas/recorded/12_03_2020_09_58_19.mp3" startTime="0" stopTime="0" thumbnailPath="" colorCode="" loopCount="0" position="4" fadeIn="false" fadeOut="false" fadeInOnPlay="false" fadeOutOnPause="false" fadeOutOnStop="false" fadeInTime="0" fadeOutTime="0"/>
        <sound id="6" name="roll tide" type="FILE" pathOrUrl="content://me.maagk.johannes.customsoundboard.me.maagk.johannes.customsoundboard.provider/files/Thomas/recorded/12_03_2020_10_25_05.mp3" startTime="0" stopTime="0" thumbnailPath="" colorCode="" loopCount="0" position="5" fadeIn="false" fadeOut="false" fadeInOnPlay="false" fadeOutOnPause="false" fadeOutOnStop="false" fadeInTime="0" fadeOutTime="0"/>
    </sounds>
</soundboard>
